"Date","Price","Open","High","Low","Vol.","Change %"
"03/08/2023","18.9478","18.9256","19.0295","18.9055","78.95K","0.12%"
"03/07/2023","18.9243","18.9225","18.9911","18.8556","64.89K","0.15%"
"03/06/2023","18.8955","18.9025","18.9293","18.8004","54.36K","0.35%"
"03/03/2023","18.8288","18.8947","18.9265","18.7870","62.76K","-0.33%"
"03/02/2023","18.8908","18.8880","18.9367","18.7979","44.65K","0.01%"
"03/01/2023","18.8884","18.8872","18.9009","18.8660","42.74K","0.01%"
"02/28/2023","18.8874","18.8890","18.9294","18.8655","52.13K","0.00%"
"02/27/2023","18.8866","18.8869","19.0081","18.7590","54.05K","0.07%"
"02/24/2023","18.8731","18.8854","18.9399","18.7854","44.66K","0.00%"
"02/23/2023","18.8735","18.8799","18.9601","18.7810","49.60K","-0.03%"
"02/22/2023","18.8799","18.8665","18.9413","18.7735","53.82K","0.04%"
"02/21/2023","18.8715","18.8834","18.9128","18.6897","","0.02%"
"02/20/2023","18.8670","18.8556","18.9133","18.8107","","-0.04%"
"02/20/2023","18.8748","18.8561","18.8946","18.6861","","0.24%"
"02/17/2023","18.8297","18.8481","18.8922","18.6800","","0.19%"
"02/16/2023","18.7934","18.8463","18.8917","18.7934","","-0.29%"
"02/16/2023","18.8483","18.8453","18.8843","18.6713","","0.05%"
"02/15/2023","18.8380","18.8529","18.9003","18.8289","","-0.07%"
"02/15/2023","18.8513","18.8499","18.9164","18.6654","","-0.02%"
"02/14/2023","18.8551","18.8287","18.9348","18.8013","","0.08%"
"02/14/2023","18.8396","18.8422","18.8669","18.6581","","0.09%"
"02/13/2023","18.8230","18.8195","18.8734","18.8053","","-0.09%"
"02/13/2023","18.8390","18.8207","18.8584","18.6372","","0.08%"
"02/10/2023","18.8241","18.8320","18.8693","18.6404","","0.06%"
"02/09/2023","18.8131","18.8199","18.8559","18.7931","","-0.08%"
"02/09/2023","18.8291","18.8331","18.8458","18.6572","","0.09%"
"02/08/2023","18.8129","18.8239","18.8469","18.7933","","-0.08%"
"02/08/2023","18.8285","18.8251","18.8604","18.6514","","0.12%"
"02/07/2023","18.8062","18.8147","18.8612","18.7837","","-0.09%"
"02/07/2023","18.8229","18.8279","18.8490","18.6383","","0.04%"
"02/06/2023","18.8147","18.7661","18.8575","18.7661","","-0.05%"
"02/06/2023","18.8241","18.8276","18.8555","18.6464","","0.00%"
"02/03/2023","18.8236","18.7941","18.8654","18.6380","","0.03%"
"02/02/2023","18.8186","18.8031","18.8700","18.7782","","0.06%"
"02/02/2023","18.8064","18.8157","18.8360","18.6424","","0.02%"
"02/01/2023","18.8023","18.7964","18.8320","18.7645","","-0.01%"
"02/01/2023","18.8051","18.8152","18.8559","18.6337","","0.20%"
"01/31/2023","18.7677","18.7775","18.8762","18.7569","","-0.23%"
"01/31/2023","18.8115","18.7934","18.8388","18.6111","","0.03%"
"01/30/2023","18.8056","18.7722","18.8455","18.7534","","0.08%"
"01/30/2023","18.7901","18.8139","18.8578","18.6280","","-0.11%"
"01/27/2023","18.8109","18.7989","18.8210","18.6270","","0.13%"
"01/26/2023","18.7860","18.7745","18.8242","18.7620","","-0.09%"
"01/26/2023","18.8038","18.7998","18.8295","18.6305","","0.05%"
"01/25/2023","18.7947","18.7896","18.8220","18.7557","","-0.01%"
"01/25/2023","18.7972","18.8188","18.8567","18.6420","","0.12%"
"01/24/2023","18.7754","18.8096","18.8434","18.7603","","-0.26%"
"01/24/2023","18.8250","18.8064","18.8267","18.5420","","0.15%"
"01/23/2023","18.7975","18.8030","18.8341","18.7151","","-0.07%"
"01/23/2023","18.8102","18.7639","18.8446","18.6210","","0.26%"
"01/20/2023","18.7614","18.7615","18.8474","18.6175","","0.02%"
"01/19/2023","18.7579","18.7506","18.8422","18.7079","","-0.01%"
"01/19/2023","18.7601","18.7594","18.8056","18.6123","","0.01%"
"01/18/2023","18.7575","18.7571","18.8040","18.7140","","-0.02%"
"01/18/2023","18.7608","18.7496","18.8051","18.6030","","0.01%"
"01/17/2023","18.7588","18.7443","18.8123","18.7051","","0.04%"
"01/17/2023","18.7504","18.8285","18.8457","18.6460","","0.19%"
"01/16/2023","18.7155","18.7772","18.8145","18.6980","","-0.44%"
"01/16/2023","18.7977","18.8021","18.8369","18.6060","","-0.03%"
"01/13/2023","18.8035","18.7900","18.8441","18.6219","","0.11%"
"01/12/2023","18.7824","18.7593","18.8505","18.7474","","0.01%"
"01/12/2023","18.7807","18.7853","18.7988","18.6058","","0.01%"
"01/11/2023","18.7785","18.7814","18.7865","18.7006","","0.01%"
"01/11/2023","18.7775","18.7775","18.8276","18.5971","","0.08%"
"01/10/2023","18.7633","18.7640","18.8429","18.7061","","-0.08%"
"01/10/2023","18.7776","18.7733","18.7971","18.5347","","0.08%"
"01/09/2023","18.7622","18.7652","18.8013","18.5565","","-0.07%"
"01/09/2023","18.7758","18.7405","18.8248","18.5526","","0.11%"
"01/06/2023","18.7544","18.7622","18.7984","18.5860","","0.01%"
"01/05/2023","18.7524","18.7178","18.8204","18.6736","","-0.07%"
"01/05/2023","18.7655","18.7445","18.7868","18.5599","","0.15%"
"01/04/2023","18.7378","18.7224","18.8135","18.7224","","-0.03%"
"01/04/2023","18.7432","18.7139","18.7723","18.5535","","0.11%"
"01/03/2023","18.7224","18.7151","18.8124","18.6837","","-0.03%"
"01/03/2023","18.7284","18.7300","18.7682","18.5406","","0.16%"
"01/02/2023","18.6979","18.6940","18.8064","18.6711","","-0.09%"
"01/02/2023","18.7148","18.6962","18.7542","18.5378","","0.13%"
"12/30/2022","18.6905","18.6960","18.7238","18.5262","","0.01%"
"12/29/2022","18.6877","18.7028","18.7504","18.6691","","-0.12%"
"12/29/2022","18.7096","18.7319","18.7464","18.5486","","0.11%"
"12/28/2022","18.6889","18.7009","18.7467","18.6688","","-0.16%"
"12/28/2022","18.7180","18.6692","18.7465","18.4954","","0.22%"
"12/27/2022","18.6777","18.6669","18.7736","18.6151","","-0.13%"
"12/27/2022","18.7020","18.6948","18.8300","18.5282","","0.19%"
"12/26/2022","18.6670","18.6603","18.7948","18.6164","","-0.11%"
"12/26/2022","18.6878","18.6831","18.7533","18.4740","","0.12%"
"12/23/2022","18.6657","18.6442","18.7217","18.4860","","0.05%"
"12/22/2022","18.6570","18.6422","18.7208","18.6115","","-0.04%"
"12/22/2022","18.6653","18.5048","18.7097","18.5029","","0.12%"
"12/21/2022","18.6424","18.6220","18.7042","18.6219","","-0.18%"
"12/21/2022","18.6769","18.6501","18.7070","18.4750","","0.14%"
"12/20/2022","18.6502","18.6479","18.7076","18.5987","","-0.06%"
"12/20/2022","18.6621","18.6560","18.6898","18.4811","","0.12%"
"12/19/2022","18.6406","18.6353","18.6833","18.6219","","-0.06%"
"12/19/2022","18.6526","18.4780","18.6742","18.4770","","0.07%"
"12/16/2022","18.6393","18.6274","18.6760","18.4630","","-0.04%"
"12/15/2022","18.6460","18.6264","18.6810","18.5957","","0.02%"
"12/15/2022","18.6418","18.6295","18.6662","18.4340","","0.21%"
"12/14/2022","18.6031","18.5954","18.6791","18.5540","","-0.13%"
"12/14/2022","18.6282","18.6197","18.6587","18.4190","","0.13%"
"12/13/2022","18.6035","18.5970","18.6685","18.5361","","0.15%"
"12/13/2022","18.5750","18.7922","18.8685","18.5730","","0.02%"
"12/12/2022","18.5717","18.6241","18.7085","18.5362","","-0.37%"
"12/12/2022","18.6400","18.6504","18.6814","18.4485","","-0.07%"
"12/09/2022","18.6538","18.6408","18.6743","18.4535","","0.02%"
"12/08/2022","18.6503","18.6113","18.6905","18.6113","","0.04%"
"12/08/2022","18.6427","18.6467","18.6685","18.4573","","0.10%"
"12/07/2022","18.6243","18.6203","18.6860","18.6115","","-0.09%"
"12/07/2022","18.6404","18.6294","18.6559","18.4439","","0.11%"
"12/06/2022","18.6203","18.6170","18.6565","18.5964","","-0.06%"
"12/06/2022","18.6323","18.6266","18.6585","18.4503","","0.04%"
"12/05/2022","18.6248","18.6346","18.6600","18.5997","","-0.10%"
"12/05/2022","18.6434","18.6501","18.7123","18.4557","","0.06%"
"12/02/2022","18.6330","18.6339","18.6915","18.4527","","0.01%"
"12/01/2022","18.6303","18.6277","18.7069","18.6096","","-0.04%"
"12/01/2022","18.6377","18.5964","18.6705","18.4454","","0.14%"
"11/30/2022","18.6115","18.6099","18.6913","18.5756","","0.00%"
"11/30/2022","18.6121","18.6563","18.6856","18.4826","","0.12%"
"11/29/2022","18.5895","18.6567","18.7260","18.5848","","-0.27%"
"11/29/2022","18.6394","18.6185","18.6769","18.4190","","0.14%"
"11/28/2022","18.6138","18.6005","18.6863","18.5846","","-0.09%"
"11/28/2022","18.6305","18.6020","18.6528","18.4480","","0.21%"
"11/25/2022","18.5913","18.6091","18.6587","18.4462","","0.05%"
"11/24/2022","18.5816","18.5795","18.6619","18.5707","","-0.15%"
"11/24/2022","18.6103","18.6176","18.6661","18.4397","","0.03%"
"11/23/2022","18.6046","18.6058","18.6457","18.5819","","-0.07%"
"11/23/2022","18.6174","18.6208","18.6418","18.4291","","0.07%"
"11/22/2022","18.6037","18.6081","18.6313","18.5786","","-0.05%"
"11/22/2022","18.6135","18.6151","18.6556","18.4293","","0.17%"
"11/21/2022","18.5819","18.6073","18.6469","18.5709","","-0.21%"
"11/21/2022","18.6212","18.6267","18.6544","18.4054","","-0.01%"
"11/18/2022","18.6236","18.5861","18.6628","18.4567","","0.19%"
"11/17/2022","18.5889","18.5445","18.6321","18.5337","","0.01%"
"11/17/2022","18.5878","18.6199","18.6500","18.4500","","0.15%"
"11/16/2022","18.5599","18.5920","18.6280","18.5429","","-0.27%"
"11/16/2022","18.6094","18.6187","18.6555","18.4324","","0.03%"
"11/15/2022","18.6036","18.5880","18.6612","18.5565","","-0.04%"
"11/15/2022","18.6106","18.5924","18.6411","18.4167","","0.05%"
"11/14/2022","18.6017","18.5846","18.6494","18.5427","","-0.09%"
"11/14/2022","18.6180","18.5915","18.6549","18.3854","","0.21%"
"11/11/2022","18.5784","18.4911","18.5929","18.2909","","0.04%"
"11/10/2022","18.5717","18.4593","18.5848","18.4576","","0.45%"
"11/10/2022","18.4892","18.5833","18.6364","18.3884","","0.16%"
"11/09/2022","18.4593","18.5678","18.6728","18.4592","","-0.71%"
"11/09/2022","18.5907","18.5335","18.6203","18.3670","","0.12%"
"11/08/2022","18.5686","18.5191","18.6462","18.4966","","0.18%"
"11/08/2022","18.5361","18.4509","18.6177","18.3277","","0.04%"
"11/07/2022","18.5284","18.4374","18.6100","18.4071","","0.45%"
"11/07/2022","18.4452","18.5677","18.6282","18.3935","","-0.66%"
"11/04/2022","18.5684","18.6170","18.6711","18.4128","","0.01%"
"11/03/2022","18.5657","18.5929","18.6794","18.4910","","-0.28%"
"11/03/2022","18.6176","18.6234","18.6442","18.4322","","0.08%"
"11/02/2022","18.6021","18.5842","18.6576","18.5842","","-0.14%"
"11/02/2022","18.6289","18.5722","18.6510","18.4310","","0.15%"
"11/01/2022","18.6019","18.5549","18.6640","18.5440","","0.10%"
"11/01/2022","18.5833","18.6094","18.6744","18.4646","","0.16%"
"10/31/2022","18.5535","18.6006","18.6773","18.4801","","-0.33%"
"10/31/2022","18.6151","18.6121","18.6726","18.4531","","0.17%"
"10/28/2022","18.5835","18.5999","18.6416","18.4163","","0.01%"
"10/27/2022","18.5813","18.5864","18.6617","18.5542","","-0.10%"
"10/27/2022","18.5996","18.6021","18.6502","18.3292","","-0.11%"
"10/26/2022","18.6209","18.6037","18.6620","18.5369","","0.09%"
"10/26/2022","18.6042","18.6161","18.6418","18.4301","","0.14%"
"10/25/2022","18.5784","18.5900","18.6375","18.5196","","-0.13%"
"10/25/2022","18.6028","18.6181","18.6394","18.4322","","0.08%"
"10/24/2022","18.5880","18.5486","18.6527","18.5198","","-0.10%"
"10/24/2022","18.6067","18.5941","18.6338","18.4071","","0.05%"
"10/21/2022","18.5965","18.5938","18.6308","18.4021","","0.04%"
"10/20/2022","18.5884","18.5787","18.6262","18.5341","","-0.05%"
"10/20/2022","18.5973","18.5954","18.6222","18.4045","","0.13%"
"10/19/2022","18.5732","18.5736","18.6430","18.5236","","-0.09%"
"10/19/2022","18.5907","18.5849","18.6156","18.3890","","0.04%"
"10/18/2022","18.5829","18.5822","18.6249","18.5506","","-0.02%"
"10/18/2022","18.5872","18.5682","18.6119","18.4018","","0.00%"
"10/17/2022","18.5875","18.6074","18.6342","18.5237","","0.03%"
"10/17/2022","18.5810","18.5910","18.6161","18.4210","","0.04%"
"10/14/2022","18.5740","18.5676","18.6090","18.3996","","0.08%"
"10/13/2022","18.5585","18.5289","18.6033","18.5289","","0.01%"
"10/13/2022","18.5564","18.5971","18.6256","18.4295","","0.12%"
"10/12/2022","18.5350","18.5046","18.5910","18.4883","","-0.19%"
"10/12/2022","18.5698","18.6011","18.6208","18.4067","","0.22%"
"10/11/2022","18.5291","18.5797","18.6236","18.4888","","-0.34%"
"10/11/2022","18.5922","18.5781","18.6687","18.3987","","0.08%"
"10/10/2022","18.5775","18.5492","18.6644","18.5105","","-0.01%"
"10/10/2022","18.5795","18.5658","18.6369","18.3959","","-0.01%"
"10/07/2022","18.5821","18.5921","18.6600","18.4200","","0.11%"
"10/06/2022","18.5620","18.5799","18.6485","18.5281","","-0.07%"
"10/06/2022","18.5755","18.5680","18.6227","18.3917","","-0.04%"
"10/05/2022","18.5820","18.5568","18.6537","18.5344","","0.12%"
"10/05/2022","18.5595","18.7385","18.8167","18.5565","","0.02%"
"10/04/2022","18.5565","18.5360","18.6463","18.5188","","-0.12%"
"10/04/2022","18.5779","18.5556","18.6001","18.2411","","0.25%"
"10/03/2022","18.5309","18.5219","18.6264","18.4275","","-0.08%"
"10/03/2022","18.5448","18.4865","18.5710","18.3420","","0.23%"
"09/30/2022","18.5024","18.4986","18.5567","18.3424","","0.01%"
"09/29/2022","18.5000","18.4944","18.5715","18.4447","","0.01%"
"09/29/2022","18.4987","18.5089","18.5516","18.3826","","0.25%"
"09/28/2022","18.4519","18.4679","18.5592","18.4363","","-0.30%"
"09/28/2022","18.5070","18.3982","18.5530","18.3030","","-0.16%"
"09/27/2022","18.5367","18.4300","18.5713","18.3846","","0.53%"
"09/27/2022","18.4382","18.4366","18.5276","18.2830","","0.05%"
"09/26/2022","18.4297","18.4475","18.5823","18.3863","","-0.15%"
"09/26/2022","18.4577","18.4240","18.5008","18.2840","","0.23%"
"09/23/2022","18.4156","18.3183","18.4215","18.1726","","0.01%"
"09/22/2022","18.4131","18.3127","18.4627","18.2905","","0.39%"
"09/22/2022","18.3421","18.3444","18.4081","18.1859","","0.12%"
"09/21/2022","18.3204","18.3154","18.4100","18.2954","","-0.04%"
"09/21/2022","18.3279","18.3057","18.3445","18.1379","","0.13%"
"09/20/2022","18.3034","18.2964","18.3604","18.2865","","-0.02%"
"09/20/2022","18.3074","18.2768","18.3374","18.1159","","0.00%"
"09/19/2022","18.3080","18.2922","18.3457","18.2740","","0.12%"
"09/19/2022","18.2853","18.2565","18.3070","18.1040","","0.16%"
"09/16/2022","18.2564","18.2660","18.2904","18.0771","","0.01%"
"09/15/2022","18.2543","18.2400","18.2947","18.2227","","-0.06%"
"09/15/2022","18.2661","18.2347","18.2833","18.0803","","0.05%"
"09/14/2022","18.2570","18.2282","18.2933","18.2165","","0.10%"
"09/14/2022","18.2384","18.2488","18.2673","18.0803","","0.07%"
"09/13/2022","18.2254","18.2512","18.2666","18.2119","","-0.13%"
"09/13/2022","18.2498","18.2217","18.2693","18.0599","","0.04%"
"09/12/2022","18.2418","18.2235","18.2885","18.2075","","0.10%"
"09/12/2022","18.2244","18.2276","18.2552","18.0752","","-0.07%"
"09/09/2022","18.2364","18.2316","18.2550","18.0610","","0.02%"
"09/08/2022","18.2334","18.2261","18.2769","18.1865","","0.00%"
"09/08/2022","18.2328","18.2225","18.2477","18.0506","","0.04%"
"09/07/2022","18.2253","18.2199","18.2610","18.1967","","-0.01%"
"09/07/2022","18.2275","18.2244","18.2570","18.0650","","0.06%"
"09/06/2022","18.2170","18.2166","18.2685","18.1695","","-0.04%"
"09/06/2022","18.2246","18.2209","18.2604","18.0480","","0.05%"
"09/05/2022","18.2153","18.2042","18.2838","18.1835","","-0.02%"
"09/05/2022","18.2190","18.2004","18.2413","18.0592","","0.10%"
"09/02/2022","18.2007","18.2227","18.2865","18.0701","","-0.27%"
"09/01/2022","18.2491","18.1975","18.2589","18.1636","","0.24%"
"09/01/2022","18.2048","18.1981","18.2248","18.1495","","0.00%"
"08/31/2022","18.2050","18.1797","18.2311","18.1345","","0.04%"
"08/31/2022","18.1978","18.1760","18.2370","18.0260","","0.15%"
"08/30/2022","18.1712","18.1518","18.2273","18.1272","","-0.07%"
"08/30/2022","18.1844","18.1951","18.2193","18.1427","","0.18%"
"08/29/2022","18.1520","18.1730","18.2154","18.1249","","-0.17%"
"08/29/2022","18.1822","18.1647","18.2000","18.0180","","0.11%"
"08/26/2022","18.1629","18.1863","18.2206","17.9996","","0.11%"
"08/25/2022","18.1433","18.1420","18.2083","18.1377","","-0.14%"
"08/25/2022","18.1689","18.1501","18.1787","17.9637","","0.08%"
"08/24/2022","18.1544","18.1394","18.1850","18.1225","","0.01%"
"08/24/2022","18.1517","18.1217","18.1771","17.9430","","0.08%"
"08/23/2022","18.1378","18.0756","18.1685","18.0756","","0.15%"
"08/23/2022","18.1114","18.0692","18.1431","17.9391","","0.11%"
"08/22/2022","18.0920","18.0278","18.1366","18.0192","","0.10%"
"08/22/2022","18.0731","18.1009","18.1742","17.9661","","-0.08%"
"08/19/2022","18.0870","18.0058","18.1281","17.9050","","0.01%"
"08/18/2022","18.0850","18.0587","18.1261","18.0385","","0.28%"
"08/18/2022","18.0344","17.9609","18.1654","17.7969","","-0.12%"
"08/17/2022","18.0561","17.9345","18.1655","17.9235","","0.59%"
"08/17/2022","17.9506","17.9224","17.9803","17.7847","","0.09%"
"08/16/2022","17.9342","17.9042","18.0056","17.8999","","0.01%"
"08/16/2022","17.9332","17.9723","17.9901","17.7936","","0.18%"
"08/15/2022","17.9004","17.9482","17.9703","17.8855","","-0.33%"
"08/15/2022","17.9599","17.9373","17.9766","17.7279","","0.13%"
"08/12/2022","17.9363","17.9369","17.9792","17.7099","","0.02%"
"08/11/2022","17.9324","17.9368","17.9753","17.9074","","-0.07%"
"08/11/2022","17.9450","17.8780","17.9748","17.7444","","0.12%"
"08/10/2022","17.9231","17.8474","17.9658","17.8041","","0.26%"
"08/10/2022","17.8758","17.9018","17.9667","17.7150","","0.40%"
"08/09/2022","17.8049","17.8944","17.9795","17.8049","","-0.58%"
"08/09/2022","17.9081","17.9414","17.9839","17.5744","","0.08%"
"08/08/2022","17.8944","17.9411","17.9726","17.8381","","-0.23%"
"08/08/2022","17.9356","17.9316","18.0027","17.7730","","0.13%"
"08/05/2022","17.9126","17.9231","17.9745","17.7335","","0.01%"
"08/04/2022","17.9101","17.8943","17.9980","17.8883","","-0.10%"
"08/04/2022","17.9273","17.9436","17.9789","17.7255","","0.17%"
"08/03/2022","17.8972","17.9144","17.9869","17.8920","","-0.24%"
"08/03/2022","17.9404","17.9434","18.0015","17.7717","","0.15%"
"08/02/2022","17.9144","17.9328","18.0863","17.9125","","-0.17%"
"08/02/2022","17.9457","17.9193","17.9808","17.7994","","0.10%"
"08/01/2022","17.9277","17.9069","17.9645","17.8507","","0.15%"
"08/01/2022","17.9014","17.9061","17.9537","17.6587","","-0.07%"
"07/29/2022","17.9148","17.9092","17.9814","17.5944","","0.02%"
"07/28/2022","17.9114","17.9287","17.9697","17.7643","","-0.01%"
"07/28/2022","17.9133","17.8907","17.9444","17.6883","","-0.09%"
"07/27/2022","17.9291","17.8572","17.9768","17.8339","","0.23%"
"07/27/2022","17.8876","17.8815","17.9555","17.6824","","0.13%"
"07/26/2022","17.8653","17.8393","17.9540","17.8229","","0.02%"
"07/26/2022","17.8620","17.7807","17.8748","17.3468","","0.11%"
"07/25/2022","17.8422","17.7964","17.8790","17.7550","","0.22%"
"07/25/2022","17.8037","17.7702","17.8818","17.6167","","0.35%"
"07/22/2022","17.7415","17.7323","17.7892","17.4742","","0.14%"
"07/21/2022","17.7173","17.7043","17.7966","17.6227","","0.01%"
"07/21/2022","17.7153","17.6099","17.7586","17.3819","","0.10%"
"07/20/2022","17.6978","17.5761","17.7726","17.5562","","0.52%"
"07/20/2022","17.6059","17.4115","17.6206","17.2375","","0.17%"
"07/19/2022","17.5761","17.5401","17.6267","17.4720","","0.10%"
"07/19/2022","17.5587","17.4333","17.5875","17.2985","","0.11%"
"07/18/2022","17.5398","17.4375","17.5865","17.4197","","0.44%"
"07/18/2022","17.4624","17.3786","17.5369","17.2415","","0.36%"
"07/15/2022","17.4000","17.4254","17.4941","17.2486","","0.03%"
"07/14/2022","17.3950","17.4344","17.4891","17.2451","","-0.30%"
"07/14/2022","17.4474","17.4669","17.5526","17.2856","","0.07%"
"07/13/2022","17.4344","17.4310","17.5111","17.3690","","0.03%"
"07/13/2022","17.4292","17.3317","17.4860","17.1968","","0.30%"
"07/12/2022","17.3778","17.2772","17.4610","17.2230","","0.35%"
"07/12/2022","17.3164","17.3674","17.4119","17.2094","","0.10%"
"07/11/2022","17.2993","17.3605","17.3980","17.2245","","-0.43%"
"07/11/2022","17.3742","17.2875","17.4223","17.2452","","0.58%"
"07/08/2022","17.2733","17.2714","17.3286","17.0900","","0.03%"
"07/07/2022","17.2683","17.2229","17.3383","17.1740","","-0.02%"
"07/07/2022","17.2713","17.2057","17.3203","17.0760","","0.23%"
"07/06/2022","17.2309","17.2009","17.3288","17.1782","","0.02%"
"07/06/2022","17.2270","16.9768","17.2672","16.8021","","0.15%"
"07/05/2022","17.2009","16.9786","17.2838","16.9433","","1.18%"
"07/05/2022","16.9999","16.8344","17.0909","16.6891","","0.32%"
"07/04/2022","16.9463","16.8124","17.0723","16.7717","","0.77%"
"07/04/2022","16.8163","16.7780","16.8546","16.5866","","0.31%"
"07/01/2022","16.7642","16.6947","16.7858","16.5078","","0.02%"
"06/30/2022","16.7613","16.6675","16.8022","16.6602","","0.37%"
"06/30/2022","16.7000","16.6435","16.7472","16.3557","","0.19%"
"06/29/2022","16.6675","16.6421","16.7675","16.5347","","0.17%"
"06/29/2022","16.6388","16.6715","16.7120","16.3280","","-0.02%"
"06/28/2022","16.6417","16.5943","16.7146","16.5453","","-0.21%"
"06/28/2022","16.6765","16.5566","16.6811","16.3693","","0.50%"
"06/27/2022","16.5928","16.5517","16.6890","16.5024","","0.21%"
"06/27/2022","16.5585","16.8954","16.9231","15.9356","","-1.95%"
"06/24/2022","16.8881","17.3555","17.3808","16.4765","","0.01%"
"06/23/2022","16.8860","17.3377","17.3828","16.4759","","-2.71%"
"06/23/2022","17.3565","17.3319","17.3952","17.1662","","0.10%"
"06/22/2022","17.3392","17.3120","17.3891","17.3014","","-0.02%"
"06/22/2022","17.3420","17.3377","17.4097","17.1750","","0.17%"
"06/21/2022","17.3120","17.3116","17.4374","17.2835","","-0.17%"
"06/21/2022","17.3412","17.3242","17.3726","17.1105","","0.14%"
"06/20/2022","17.3168","17.2900","17.3944","17.2689","","-0.10%"
"06/20/2022","17.3345","17.3240","17.3737","17.1456","","0.04%"
"06/17/2022","17.3284","17.3029","17.3463","17.2469","","0.02%"
"06/16/2022","17.3255","17.2886","17.3545","17.2455","","0.12%"
"06/16/2022","17.3039","17.2229","17.3239","17.0869","","0.10%"
"06/15/2022","17.2865","17.2396","17.3215","17.2136","","0.26%"
"06/15/2022","17.2422","17.2779","17.3171","17.0688","","0.07%"
"06/14/2022","17.2301","17.2200","17.3047","17.1915","","-0.24%"
"06/14/2022","17.2713","17.2587","17.3025","17.0303","","0.28%"
"06/13/2022","17.2226","17.2602","17.2944","17.1905","","-0.24%"
"06/13/2022","17.2639","17.1214","17.2885","16.8333","","0.87%"
"06/10/2022","17.1158","17.2350","17.3170","16.7940","","0.26%"
"06/09/2022","17.0718","17.2272","17.2702","16.8915","","-0.72%"
"06/09/2022","17.1961","17.1273","17.2790","16.7640","","-0.31%"
"06/08/2022","17.2491","17.1678","17.3960","16.7904","","0.58%"
"06/08/2022","17.1504","16.7606","17.2174","16.6878","","-0.05%"
"06/07/2022","17.1582","16.8309","17.1945","16.8035","","2.37%"
"06/07/2022","16.7608","16.5857","16.7971","16.4355","","-0.37%"
"06/06/2022","16.8225","16.5905","16.8464","16.5849","","1.46%"
"06/06/2022","16.5807","16.4231","16.6136","16.2883","","0.99%"
"06/03/2022","16.4176","16.2950","16.5445","16.2950","","0.03%"
"06/02/2022","16.4126","16.4685","16.5418","16.3373","","-0.33%"
"06/02/2022","16.4672","16.3959","16.5069","16.2551","","0.03%"
"06/01/2022","16.4628","16.3934","16.4921","16.3791","","0.41%"
"06/01/2022","16.3950","16.4148","16.4693","16.2294","","0.02%"
"05/31/2022","16.3911","16.3854","16.4550","16.3678","","-0.08%"
"05/31/2022","16.4035","16.4081","16.4617","16.2137","","0.10%"
"05/30/2022","16.3875","16.3816","16.4338","16.3386","","0.02%"
"05/30/2022","16.3849","16.2182","16.3993","16.1093","","1.03%"
"05/27/2022","16.2180","16.3779","16.4355","16.1923","","0.23%"
"05/26/2022","16.1807","16.3363","16.4019","16.1778","","-1.09%"
"05/26/2022","16.3597","16.3529","16.4719","16.1579","","0.18%"
"05/25/2022","16.3310","16.3190","16.4645","16.2375","","-0.18%"
"05/25/2022","16.3597","16.0740","16.4194","15.9764","","0.25%"
"05/24/2022","16.3190","16.0682","16.4105","16.0442","","1.38%"
"05/24/2022","16.0964","15.9261","16.1707","15.8160","","0.04%"
"05/23/2022","16.0903","15.9068","16.1590","15.9068","","1.00%"
"05/23/2022","15.9316","15.9084","15.9750","15.5920","","0.18%"
"05/20/2022","15.9037","15.8859","15.9916","15.7736","","0.05%"
"05/19/2022","15.8951","15.8740","15.9850","15.8369","","0.09%"
"05/19/2022","15.8813","15.9671","16.0220","15.8390","","0.05%"
"05/18/2022","15.8740","15.9371","15.9770","15.7955","","-0.46%"
"05/18/2022","15.9471","15.9175","15.9980","15.6769","","0.10%"
"05/17/2022","15.9316","15.8491","15.9795","15.7505","","0.21%"
"05/17/2022","15.8983","15.5428","15.9170","15.4382","","0.43%"
"05/16/2022","15.8297","15.5648","15.9112","15.5641","","1.80%"
"05/16/2022","15.5493","15.4843","15.6700","15.3350","","0.45%"
"05/13/2022","15.4798","15.3614","15.4914","15.1730","","0.02%"
"05/12/2022","15.4769","15.4004","15.4900","15.3993","","0.63%"
"05/12/2022","15.3803","15.3148","15.4254","15.1347","","-0.05%"
"05/11/2022","15.3880","15.3085","15.4389","15.2530","","0.49%"
"05/11/2022","15.3133","15.2686","15.4002","15.0812","","0.15%"
"05/10/2022","15.2909","15.2928","15.3798","15.2580","","0.21%"
"05/10/2022","15.2594","15.0944","15.3034","14.9937","","-0.17%"
"05/09/2022","15.2850","15.0867","15.3206","15.0799","","1.28%"
"05/09/2022","15.0925","14.9413","15.1313","14.8103","","0.95%"
"05/06/2022","14.9500","14.8527","14.9587","14.7292","","0.02%"
"05/05/2022","14.9468","14.8591","14.9598","14.8510","","0.56%"
"05/05/2022","14.8636","14.7370","14.9070","14.6589","","0.05%"
"05/04/2022","14.8556","14.7220","14.8964","14.6999","","0.78%"
"05/04/2022","14.7403","14.8224","14.8551","14.7110","","0.18%"
"05/03/2022","14.7143","14.7909","14.8457","14.6948","","-0.67%"
"05/03/2022","14.8141","14.8827","14.9240","14.8140","","0.11%"
"05/02/2022","14.7975","14.8609","14.9062","14.7882","","-0.58%"
"05/02/2022","14.8831","14.8502","14.9256","14.8436","","0.21%"
"04/29/2022","14.8517","14.7928","14.8731","14.6111","","0.06%"
"04/28/2022","14.8426","14.7942","14.8686","14.7595","","0.35%"
"04/28/2022","14.7909","14.8066","14.8291","14.6301","","0.03%"
"04/27/2022","14.7863","14.7761","14.8294","14.7308","","-0.14%"
"04/27/2022","14.8072","14.8087","14.8448","14.6966","","0.24%"
"04/26/2022","14.7720","14.7970","14.8334","14.7285","","-0.19%"
"04/26/2022","14.7997","14.7727","14.8201","14.6407","","0.02%"
"04/25/2022","14.7970","14.7728","14.8171","14.7599","","0.13%"
"04/25/2022","14.7772","14.7419","14.7850","14.6240","","0.23%"
"04/22/2022","14.7427","14.7099","14.7660","14.5968","","0.06%"
"04/21/2022","14.7339","14.6855","14.7583","14.6855","","0.18%"
"04/21/2022","14.7076","14.6775","14.7365","14.5185","","0.04%"
"04/20/2022","14.7021","14.6606","14.7447","14.6541","","0.18%"
"04/20/2022","14.6753","14.6448","14.6814","14.5084","","0.08%"
"04/19/2022","14.6641","14.6425","14.6802","14.6216","","0.06%"
"04/19/2022","14.6547","14.6481","14.6819","14.5179","","0.03%"
"04/18/2022","14.6503","14.6370","14.6735","14.6123","","0.06%"
"04/18/2022","14.6416","14.6346","14.6701","14.4599","","0.04%"
"04/15/2022","14.6360","14.6048","14.6690","14.4710","","0.05%"
"04/14/2022","14.6280","14.5967","14.6515","14.5751","","0.10%"
"04/14/2022","14.6128","14.6079","14.6541","14.4939","","0.13%"
"04/13/2022","14.5943","14.5860","14.6337","14.5701","","-0.01%"
"04/13/2022","14.5958","14.6031","14.6076","14.4000","","0.08%"
"04/12/2022","14.5848","14.5729","14.6042","14.5538","","-0.11%"
"04/12/2022","14.6006","14.6613","14.6933","14.5457","","0.19%"
"04/11/2022","14.5729","14.6659","14.6924","14.5567","","-0.62%"
"04/11/2022","14.6634","14.7391","14.7537","14.6231","","-0.58%"
"04/08/2022","14.7491","14.7376","14.7717","14.6050","","0.09%"
"04/07/2022","14.7364","14.7295","14.7656","14.7087","","-0.01%"
"04/07/2022","14.7378","14.7078","14.7749","14.6131","","0.14%"
"04/06/2022","14.7176","14.7065","14.7670","14.6855","","0.05%"
"04/06/2022","14.7096","14.7228","14.7686","14.6067","","0.02%"
"04/05/2022","14.7062","14.7206","14.7467","14.6835","","-0.10%"
"04/05/2022","14.7202","14.6817","14.7363","14.5770","","0.02%"
"04/04/2022","14.7175","14.6797","14.7331","14.6543","","0.21%"
"04/04/2022","14.6873","14.6874","14.7246","14.5821","","0.01%"
"04/01/2022","14.6865","14.6747","14.7011","14.4890","","0.03%"
"03/31/2022","14.6825","14.6675","14.6988","14.6300","","0.06%"
"03/31/2022","14.6739","14.6505","14.6899","14.5289","","0.06%"
"03/30/2022","14.6657","14.6319","14.6896","14.5891","","0.07%"
"03/30/2022","14.6553","14.5754","14.6850","14.4940","","0.14%"
"03/29/2022","14.6345","14.5734","14.6819","14.5546","","0.34%"
"03/29/2022","14.5845","14.8220","14.8559","14.5648","","0.17%"
"03/28/2022","14.5594","14.8184","14.8408","14.5310","","-1.75%"
"03/28/2022","14.8182","14.8438","14.8632","14.7247","","-0.12%"
"03/25/2022","14.8367","14.8272","14.8616","14.7111","","0.05%"
"03/24/2022","14.8286","14.8201","14.8525","14.8025","","0.03%"
"03/24/2022","14.8239","14.8457","14.8824","14.7064","","0.06%"
"03/23/2022","14.8149","14.8168","14.8696","14.7825","","-0.15%"
"03/23/2022","14.8373","14.8246","14.8683","14.6829","","0.12%"
"03/22/2022","14.8194","14.8122","14.8584","14.7586","","-0.04%"
"03/22/2022","14.8251","14.8259","14.8673","14.6954","","0.03%"
"03/21/2022","14.8213","14.7991","14.8629","14.7693","","-0.02%"
"03/21/2022","14.8248","14.8008","14.8601","14.6991","","0.11%"
"03/18/2022","14.8090","14.7084","14.8481","14.5532","","0.13%"
"03/17/2022","14.7899","14.6878","14.8240","14.6775","","0.60%"
"03/17/2022","14.7018","14.6050","14.7990","14.5020","","0.06%"
"03/16/2022","14.6935","14.5951","14.7997","14.5571","","0.40%"
"03/16/2022","14.6354","14.6921","14.7857","14.5477","","0.27%"
"03/15/2022","14.5963","14.7030","14.7616","14.5582","","-0.72%"
"03/15/2022","14.7022","14.7795","14.8443","14.4620","","0.07%"
"03/14/2022","14.6919","14.7980","14.8414","14.5195","","-0.60%"
"03/14/2022","14.7804","14.7380","14.9000","14.6900","","0.11%"
"03/11/2022","14.7645","14.8148","15.0000","14.6486","","0.07%"
"03/10/2022","14.7541","14.8363","14.9950","14.6365","","-0.59%"
"03/10/2022","14.8421","14.6745","14.9490","14.5340","","0.22%"
"03/09/2022","14.8102","14.6307","14.9230","14.6041","","1.07%"
"03/09/2022","14.6527","14.4991","14.6961","14.4199","","0.17%"
"03/08/2022","14.6278","14.4743","14.6940","14.4487","","0.93%"
"03/08/2022","14.4937","14.3892","14.5956","14.2795","","0.18%"
"03/07/2022","14.4675","14.3605","14.5922","14.3423","","0.63%"
"03/07/2022","14.3773","14.0147","14.4337","13.9957","","1.34%"
"03/04/2022","14.1865","14.0978","14.2682","13.9530","","0.12%"
"03/03/2022","14.1701","14.0918","14.2690","14.0901","","0.36%"
"03/03/2022","14.1187","14.0279","14.1747","13.9327","","0.12%"
"03/02/2022","14.1018","14.0057","14.1525","13.9635","","0.59%"
"03/02/2022","14.0190","13.9261","14.1425","13.8155","","0.26%"
"03/01/2022","13.9820","13.9169","14.1320","13.8525","","0.46%"
"03/01/2022","13.9181","13.6410","13.9770","13.6011","","0.32%"
"02/28/2022","13.8735","13.8382","13.9681","13.7585","","0.18%"
"02/28/2022","13.8486","13.8230","14.1024","13.5633","","0.18%"
"02/25/2022","13.8238","13.9985","14.1332","13.7052","","0.03%"
"02/24/2022","13.8196","13.9943","14.1318","13.7368","","-1.53%"
"02/24/2022","14.0346","13.8488","14.6632","13.7934","","0.22%"
"02/23/2022","14.0034","13.7847","14.6483","13.7697","","1.30%"
"02/23/2022","13.8236","13.8026","13.8864","13.6165","","0.11%"
"02/22/2022","13.8085","13.7709","13.8710","13.6737","","0.12%"
"02/22/2022","13.7918","13.6898","13.9139","13.5890","","0.20%"
"02/21/2022","13.7642","13.6837","13.9050","13.6195","","0.48%"
"02/21/2022","13.6980","13.6490","13.7237","13.5321","","0.32%"
"02/18/2022","13.6541","13.5853","13.6826","13.4916","","0.02%"
"02/17/2022","13.6509","13.5750","13.6674","13.5131","","0.55%"
"02/17/2022","13.5759","13.5997","13.6353","13.5013","","0.02%"
"02/16/2022","13.5727","13.5696","13.6338","13.5556","","-0.20%"
"02/16/2022","13.5996","13.5935","13.6463","13.4923","","0.08%"
"02/15/2022","13.5892","13.5963","13.6450","13.5668","","-0.13%"
"02/15/2022","13.6071","13.5979","13.6920","13.4742","","0.33%"
"02/14/2022","13.5618","13.5595","13.6788","13.5538","","-0.27%"
"02/14/2022","13.5989","13.5159","13.6261","13.3031","","0.58%"
"02/11/2022","13.5200","13.4718","13.5684","13.3544","","0.38%"
"02/10/2022","13.4694","13.4752","13.5622","13.4417","","-0.21%"
"02/10/2022","13.4980","13.5607","13.6091","13.4237","","0.22%"
"02/09/2022","13.4683","13.5138","13.5794","13.4597","","-0.53%"
"02/09/2022","13.5405","13.5717","13.6251","13.4100","","0.12%"
"02/08/2022","13.5245","13.5380","13.6091","13.5123","","-0.29%"
"02/08/2022","13.5639","13.5786","13.6691","13.3944","","0.02%"
"02/07/2022","13.5611","13.5647","13.6617","13.5425","","-0.26%"
"02/07/2022","13.5971","13.5768","13.6383","13.3673","","0.21%"
"02/04/2022","13.5687","13.5582","13.6121","13.4913","","0.07%"
"02/03/2022","13.5598","13.5549","13.5996","13.4846","","-0.01%"
"02/03/2022","13.5605","13.4564","13.6264","13.2906","","0.21%"
"02/02/2022","13.5326","13.4589","13.6200","13.4316","","0.53%"
"02/02/2022","13.4612","13.3744","13.5857","13.1427","","0.06%"
"02/01/2022","13.4536","13.3579","13.5770","13.3459","","0.59%"
"02/01/2022","13.3746","13.3108","13.4710","13.1250","","0.20%"
"01/31/2022","13.3481","13.3074","13.4693","13.2619","","0.20%"
"01/31/2022","13.3209","13.5349","13.5856","13.1684","","-1.71%"
"01/28/2022","13.5532","13.6497","13.6665","13.3845","","0.08%"
"01/27/2022","13.5423","13.6250","13.6640","13.4829","","-0.79%"
"01/27/2022","13.6500","13.5774","13.6700","13.3079","","0.15%"
"01/26/2022","13.6295","13.5584","13.6689","13.5456","","0.38%"
"01/26/2022","13.5780","13.4822","13.6479","13.2669","","0.16%"
"01/25/2022","13.5561","13.4384","13.6345","13.4384","","0.55%"
"01/25/2022","13.4819","13.4505","13.5774","13.1240","","0.40%"
"01/24/2022","13.4279","13.4363","13.5725","13.4134","","-0.27%"
"01/24/2022","13.4642","13.4691","13.5654","13.1486","","0.12%"
"01/21/2022","13.4487","13.3700","13.5024","13.0490","","0.13%"
"01/20/2022","13.4317","13.3698","13.4741","13.3109","","0.57%"
"01/20/2022","13.3551","13.3721","13.5512","13.2540","","0.02%"
"01/19/2022","13.3530","13.3746","13.5470","13.2707","","-0.42%"
"01/19/2022","13.4098","13.5681","13.6595","13.3293","","0.19%"
"01/18/2022","13.3839","13.5247","13.6288","13.3468","","-1.13%"
"01/18/2022","13.5362","13.4289","13.6632","13.1569","","0.04%"
"01/17/2022","13.5303","13.4231","13.6670","13.4020","","0.64%"
"01/17/2022","13.4436","13.5418","13.6286","13.1255","","-0.61%"
"01/14/2022","13.5264","13.5906","13.6525","13.4504","","-0.04%"
"01/13/2022","13.5314","13.5595","13.6475","13.4478","","-0.47%"
"01/13/2022","13.5949","13.2511","13.7060","13.1487","","0.26%"
"01/12/2022","13.5595","13.2845","13.6713","13.1452","","2.58%"
"01/12/2022","13.2185","13.8367","13.8829","13.1700","","-0.01%"
"01/11/2022","13.2200","13.7972","13.8496","13.1363","","-4.20%"
"01/11/2022","13.7999","13.8148","13.8771","13.3727","","0.18%"
"01/10/2022","13.7755","13.7751","13.8822","13.6998","","-0.26%"
"01/10/2022","13.8116","13.8636","13.9362","13.3641","","-0.45%"
"01/07/2022","13.8745","13.8226","13.9300","13.4225","","0.04%"
"01/06/2022","13.8695","13.8183","13.9273","13.7045","","0.07%"
"01/06/2022","13.8604","13.6854","13.9233","13.2392","","0.04%"
"01/05/2022","13.8554","13.6664","13.8811","13.4988","","1.28%"
"01/05/2022","13.6806","13.4401","13.7222","13.0605","","0.38%"
"01/04/2022","13.6283","13.4066","13.6900","13.2692","","1.64%"
"01/04/2022","13.4084","13.2022","13.6675","12.8165","","-0.02%"
"01/03/2022","13.4111","13.1307","13.5919","12.9210","","2.01%"
"01/03/2022","13.1463","13.2713","13.9445","12.5485","","-1.31%"
"12/31/2021","13.3211","12.9431","13.6195","12.8020","","0.04%"
"12/30/2021","13.3161","13.1458","13.6145","13.0002","","1.31%"
"12/30/2021","13.1440","12.8265","13.6136","12.4568","","0.14%"
"12/29/2021","13.1260","12.6307","13.4162","12.4235","","3.86%"
"12/29/2021","12.6380","11.7998","12.6822","11.7521","","0.02%"
"12/28/2021","12.6359","11.7978","12.6912","11.7456","","7.04%"
"12/28/2021","11.8049","11.6873","11.9491","11.4441","","0.06%"
"12/27/2021","11.7980","11.6802","11.9420","11.5619","","0.99%"
"12/27/2021","11.6822","10.5021","11.6982","10.5021","","9.69%"
"12/24/2021","10.6500","11.0446","12.0994","10.3084","","-0.97%"
"12/23/2021","10.7547","11.3959","12.0865","10.4216","","-5.69%"
"12/23/2021","11.4040","12.3074","12.4142","10.3768","","1.26%"
"12/22/2021","11.2623","11.9896","12.1024","10.1905","","-6.34%"
"12/22/2021","12.0251","12.4737","12.7026","11.9426","","0.36%"
"12/21/2021","11.9825","12.4331","12.6994","11.9825","","-3.64%"
"12/21/2021","12.4351","13.3820","13.9995","11.4720","","0.05%"
"12/20/2021","12.4290","13.4422","14.0352","11.1147","","-7.98%"
"12/20/2021","13.5070","16.4818","18.3644","13.5040","","-17.73%"
"12/17/2021","16.4185","15.6730","17.0710","15.6200","","0.03%"
"12/16/2021","16.4135","15.6674","17.1503","15.6275","","4.74%"
"12/16/2021","15.6709","14.7969","15.7395","14.7747","","0.03%"
"12/15/2021","15.6661","14.7815","15.7262","14.7727","","5.91%"
"12/15/2021","14.7925","14.3936","14.8380","14.3588","","0.02%"
"12/14/2021","14.7901","14.3837","14.8330","14.3553","","2.78%"
"12/14/2021","14.3906","13.8139","14.4321","13.7876","","0.05%"
"12/13/2021","14.3841","13.7953","14.4328","13.7953","","4.13%"
"12/13/2021","13.8134","13.8853","14.6362","13.6582","","-0.48%"
"12/10/2021","13.8801","13.7860","13.9553","13.7027","","0.06%"
"12/09/2021","13.8719","13.7817","13.9512","13.7465","","0.62%"
"12/09/2021","13.7858","13.6786","13.8424","13.5891","","0.03%"
"12/08/2021","13.7815","13.6722","13.8383","13.5985","","0.78%"
"12/08/2021","13.6753","13.4917","13.8122","13.4407","","0.02%"
"12/07/2021","13.6720","13.4885","13.8070","13.4655","","1.31%"
"12/07/2021","13.4947","13.7972","13.8451","13.4002","","0.02%"
"12/06/2021","13.4925","13.7866","13.8425","13.4195","","-2.23%"
"12/06/2021","13.8002","13.7027","13.8956","13.5796","","0.71%"
"12/03/2021","13.7027","13.6811","13.8916","13.3007","","0.02%"
"12/02/2021","13.6999","13.6784","13.8889","13.4305","","0.11%"
"12/02/2021","13.6855","13.3341","13.8900","13.2660","","0.05%"
"12/01/2021","13.6783","13.2635","13.8190","13.2015","","3.11%"
"12/01/2021","13.2660","13.4831","13.8741","12.3754","","0.01%"
"11/30/2021","13.2646","13.4806","13.8430","12.4363","","-1.58%"
"11/30/2021","13.4782","12.8264","13.7441","12.6870","","0.04%"
"11/29/2021","13.4732","12.8214","13.7391","12.7069","","5.10%"
"11/29/2021","12.8189","12.4127","12.9232","12.3379","","3.17%"
"11/26/2021","12.4253","11.9104","12.6458","11.8734","","0.03%"
"11/25/2021","12.4217","11.9883","12.5303","11.9102","","3.60%"
"11/25/2021","11.9904","12.1731","12.2925","11.8260","","-0.14%"
"11/24/2021","12.0067","12.0856","12.2050","11.8400","","-0.67%"
"11/24/2021","12.0876","12.8214","13.1150","11.5171","","0.02%"
"11/23/2021","12.0855","12.8192","13.0810","11.6174","","-5.74%"
"11/23/2021","12.8216","11.3399","13.4937","11.3158","","0.02%"
"11/22/2021","12.8189","11.4064","13.2600","11.3363","","12.60%"
"11/22/2021","11.3840","11.2305","11.4767","10.9240","","1.32%"
"11/19/2021","11.2360","10.9640","11.3237","10.7980","","0.04%"
"11/18/2021","11.2310","10.9935","11.3157","10.7945","","2.14%"
"11/18/2021","10.9955","10.6252","11.2870","10.4160","","0.05%"
"11/17/2021","10.9905","10.6232","11.2850","10.4165","","3.41%"
"11/17/2021","10.6277","10.3587","10.7004","10.3074","","0.16%"
"11/16/2021","10.6103","10.3410","10.6829","10.2961","","2.58%"
"11/16/2021","10.3430","10.0543","10.4126","10.0315","","0.03%"
"11/15/2021","10.3395","10.0508","10.4091","10.0345","","2.76%"
"11/15/2021","10.0615","9.9945","10.0854","9.9375","","0.83%"
"11/12/2021","9.9784","9.8967","10.0236","9.8503","","0.03%"
"11/11/2021","9.9751","9.8899","10.0240","9.8495","","0.71%"
"11/11/2021","9.9052","9.8421","9.9870","9.8287","","0.05%"
"11/10/2021","9.9006","9.8379","9.9726","9.8150","","0.59%"
"11/10/2021","9.8427","9.7308","9.8788","9.7059","","0.05%"
"11/09/2021","9.8381","9.7252","9.8747","9.7130","","1.08%"
"11/09/2021","9.7331","9.6760","9.7422","9.6479","","0.08%"
"11/08/2021","9.7254","9.6681","9.7347","9.6510","","0.43%"
"11/08/2021","9.6840","9.6954","9.7481","9.6444","","-0.10%"
"11/05/2021","9.6933","9.6887","9.7646","9.6682","","0.20%"
"11/04/2021","9.6741","9.6842","9.7432","9.6505","","-0.31%"
"11/04/2021","9.7046","9.6445","9.7776","9.6184","","0.16%"
"11/03/2021","9.6893","9.6318","9.7679","9.6165","","0.46%"
"11/03/2021","9.6448","9.6103","9.7591","9.5758","","0.18%"
"11/02/2021","9.6276","9.6043","9.7438","9.5710","","0.25%"
"11/02/2021","9.6033","9.5410","9.6212","9.4535","","0.02%"
"11/01/2021","9.6011","9.5238","9.6115","9.4485","","0.65%"
"11/01/2021","9.5392","9.6087","9.6221","9.4717","","-0.72%"
"10/29/2021","9.6080","9.5309","9.6328","9.4885","","0.05%"
"10/28/2021","9.6030","9.5256","9.6315","9.5140","","0.63%"
"10/28/2021","9.5433","9.4969","9.6455","9.4711","","0.17%"
"10/27/2021","9.5272","9.4750","9.6313","9.4740","","0.32%"
"10/27/2021","9.4972","9.5554","9.5671","9.4533","","0.10%"
"10/26/2021","9.4876","9.5205","9.5476","9.4495","","-0.59%"
"10/26/2021","9.5438","9.5913","9.6308","9.3953","","0.09%"
"10/25/2021","9.5350","9.5779","9.6205","9.3915","","-0.56%"
"10/25/2021","9.5884","9.6072","9.8618","9.5228","","-0.11%"
"10/22/2021","9.5988","9.5371","9.6812","9.4901","","-0.10%"
"10/21/2021","9.6083","9.5208","9.6647","9.4685","","0.93%"
"10/21/2021","9.5193","9.2210","9.5625","9.1974","","-0.07%"
"10/20/2021","9.5257","9.2125","9.5357","9.1990","","3.32%"
"10/20/2021","9.2195","9.3022","9.3615","9.1942","","0.08%"
"10/19/2021","9.2125","9.2981","9.3538","9.1850","","-0.96%"
"10/19/2021","9.3016","9.3348","9.3819","9.2348","","0.12%"
"10/18/2021","9.2908","9.3359","9.3727","9.2485","","-0.47%"
"10/18/2021","9.3343","9.2653","9.3727","9.2355","","0.71%"
"10/15/2021","9.2683","9.1902","9.2912","9.1692","","0.18%"
"10/14/2021","9.2517","9.1708","9.2746","9.1640","","0.70%"
"10/14/2021","9.1870","9.0595","9.2116","9.0541","","0.16%"
"10/13/2021","9.1720","9.1454","9.2043","9.0975","","0.90%"
"10/13/2021","9.0900","9.0443","9.1141","8.9994","","-0.76%"
"10/12/2021","9.1596","9.0379","9.1855","8.9960","","1.29%"
"10/12/2021","9.0428","9.0035","9.0528","8.9748","","0.16%"
"10/11/2021","9.0280","8.9996","9.0454","8.9675","","0.31%"
"10/11/2021","8.9997","8.9879","9.0267","8.9107","","0.05%"
"10/10/2021","8.9950","8.9614","9.0154","8.9015","","0.20%"
"10/08/2021","8.9767","8.8836","9.0003","8.8478","","0.17%"
"10/07/2021","8.9614","8.8693","8.9850","8.8470","","0.94%"
"10/07/2021","8.8781","8.8659","8.9058","8.8345","","0.10%"
"10/06/2021","8.8689","8.8669","8.8857","8.8305","","-0.13%"
"10/06/2021","8.8804","8.8747","8.9455","8.8609","","0.14%"
"10/05/2021","8.8678","8.8586","8.9355","8.8440","","-0.07%"
"10/05/2021","8.8738","8.8503","8.8954","8.8330","","0.17%"
"10/04/2021","8.8586","8.8599","8.8904","8.8295","","0.02%"
"10/04/2021","8.8571","8.8562","8.8868","8.8200","","0.08%"
"10/03/2021","8.8501","8.8472","8.8831","8.8165","","-0.12%"
"10/01/2021","8.8609","8.8829","8.9094","8.8092","","0.06%"
"09/30/2021","8.8552","8.8785","8.9037","8.8090","","-0.40%"
"09/30/2021","8.8912","8.9142","8.9390","8.8445","","0.13%"
"09/29/2021","8.8798","8.9062","8.9343","8.8410","","-0.49%"
"09/29/2021","8.9238","8.8845","8.9685","8.8258","","0.17%"
"09/28/2021","8.9086","8.8638","8.9557","8.8165","","0.36%"
"09/28/2021","8.8765","8.8250","8.9035","8.8138","","0.14%"
"09/27/2021","8.8640","8.8164","8.8938","8.8045","","0.47%"
"09/27/2021","8.8224","8.8805","8.9027","8.8048","","0.07%"
"09/26/2021","8.8161","8.8593","8.8935","8.7985","","-0.76%"
"09/24/2021","8.8836","8.7667","8.8968","8.7350","","0.06%"
"09/23/2021","8.8786","8.7678","8.8918","8.7528","","1.26%"
"09/23/2021","8.7679","8.6497","8.8056","8.6107","","0.14%"
"09/22/2021","8.7559","8.6399","8.8014","8.6095","","1.14%"
"09/22/2021","8.6570","8.6344","8.6770","8.5899","","0.20%"
"09/21/2021","8.6401","8.6219","8.6712","8.5865","","0.15%"
"09/21/2021","8.6274","8.6670","8.6809","8.5724","","0.05%"
"09/20/2021","8.6230","8.6589","8.6739","8.5965","","-0.56%"
"09/20/2021","8.6717","8.6524","8.7360","8.6313","","0.15%"
"09/19/2021","8.6591","8.6522","8.7274","8.6245","","0.17%"
"09/17/2021","8.6440","8.5377","8.6725","8.4916","","0.23%"
"09/16/2021","8.6238","8.5242","8.6536","8.5035","","1.08%"
"09/16/2021","8.5313","8.4339","8.5485","8.4123","","0.08%"
"09/15/2021","8.5243","8.4203","8.5449","8.4115","","1.05%"
"09/15/2021","8.4354","8.4391","8.4673","8.4052","","0.17%"
"09/14/2021","8.4211","8.4242","8.4600","8.3985","","-0.25%"
"09/14/2021","8.4425","8.4367","8.4806","8.4029","","0.22%"
"09/13/2021","8.4243","8.4267","8.4695","8.3960","","-0.04%"
"09/13/2021","8.4275","8.4724","8.4855","8.4035","","0.03%"
"09/12/2021","8.4253","8.4553","8.5222","8.4075","","-0.52%"
"09/10/2021","8.4694","8.4441","8.4862","8.3812","","0.17%"
"09/09/2021","8.4553","8.4402","8.4721","8.3725","","0.22%"
"09/09/2021","8.4366","8.4659","8.5214","8.4215","","-0.06%"
"09/08/2021","8.4416","8.4586","8.5177","8.4170","","-0.38%"
"09/08/2021","8.4734","8.3595","8.4939","8.3337","","0.04%"
"09/07/2021","8.4700","8.3430","8.4825","8.3305","","1.40%"
"09/07/2021","8.3527","8.2826","8.3593","8.2600","","0.13%"
"09/06/2021","8.3416","8.2777","8.3512","8.2535","","0.72%"
"09/06/2021","8.2821","8.3236","8.3355","8.2570","","0.09%"
"09/05/2021","8.2750","8.3049","8.3302","8.2535","","-0.57%"
"09/03/2021","8.3227","8.2904","8.3642","8.2629","","0.21%"
"09/02/2021","8.3049","8.2803","8.3464","8.2595","","0.32%"
"09/02/2021","8.2781","8.2917","8.3161","8.2512","","-0.01%"
"09/01/2021","8.2791","8.3017","8.3040","8.2475","","-0.20%"
"09/01/2021","8.2960","8.3164","8.3357","8.2610","","-0.10%"
"08/31/2021","8.3041","8.3018","8.3330","8.2590","","-0.15%"
"08/31/2021","8.3164","8.3843","8.4022","8.2889","","0.18%"
"08/30/2021","8.3014","8.3874","8.3879","8.2785","","-0.94%"
"08/30/2021","8.3799","8.3546","8.3974","8.3194","","-0.08%"
"08/29/2021","8.3863","8.3434","8.3926","8.3159","","0.39%"
"08/27/2021","8.3537","8.3971","8.4150","8.3268","","0.12%"
"08/26/2021","8.3434","8.3815","8.4058","8.3282","","-0.59%"
"08/26/2021","8.3925","8.3749","8.4065","8.3260","","0.21%"
"08/25/2021","8.3746","8.3711","8.4025","8.3335","","-0.05%"
"08/25/2021","8.3787","8.4088","8.4324","8.3535","","0.09%"
"08/24/2021","8.3710","8.4011","8.4214","8.3525","","-0.47%"
"08/24/2021","8.4102","8.4330","8.4597","8.3869","","0.09%"
"08/23/2021","8.4027","8.4142","8.4506","8.3745","","-0.29%"
"08/23/2021","8.4275","8.4977","8.5079","8.4118","","0.13%"
"08/22/2021","8.4169","8.4852","8.4991","8.4045","","-0.91%"
"08/20/2021","8.4941","8.4975","8.5681","8.2651","","0.10%"
"08/19/2021","8.4852","8.5062","8.5592","8.4615","","-0.32%"
"08/19/2021","8.5125","8.4596","8.5700","8.3880","","0.13%"
"08/18/2021","8.5012","8.4284","8.5524","8.2577","","0.55%"
"08/18/2021","8.4544","8.4245","8.5028","8.3942","","0.13%"
"08/17/2021","8.4434","8.4239","8.4971","8.3709","","0.10%"
"08/17/2021","8.4346","8.4592","8.4925","8.3667","","0.13%"
"08/16/2021","8.4239","8.4490","8.4887","8.3671","","-0.44%"
"08/16/2021","8.4612","8.5274","8.5373","8.4242","","0.05%"
"08/15/2021","8.4567","8.5171","8.5291","8.4242","","-0.79%"
"08/13/2021","8.5241","8.5386","8.5858","8.4910","","0.08%"
"08/12/2021","8.5171","8.5657","8.5787","8.4963","","-0.48%"
"08/12/2021","8.5584","8.6327","8.6444","8.5011","","-0.07%"
"08/11/2021","8.5647","8.6238","8.6324","8.4880","","-0.77%"
"08/11/2021","8.6311","8.5907","8.6862","8.5404","","0.08%"
"08/10/2021","8.6238","8.6070","8.6806","8.5473","","0.19%"
"08/10/2021","8.6076","8.6393","8.6785","8.5562","","0.17%"
"08/09/2021","8.5928","8.6512","8.6713","8.4745","","-0.71%"
"08/09/2021","8.6540","8.6266","8.6789","8.6014","","0.07%"
"08/08/2021","8.6481","8.6160","8.6700","8.5803","","0.20%"
"08/06/2021","8.6306","8.5266","8.6556","8.5096","","0.17%"
"08/05/2021","8.6160","8.5241","8.6419","8.5045","","1.02%"
"08/05/2021","8.5290","8.4777","8.5763","8.4580","","0.14%"
"08/04/2021","8.5171","8.4777","8.5713","8.4555","","0.46%"
"08/04/2021","8.4784","8.4078","8.4969","8.3637","","0.04%"
"08/03/2021","8.4749","8.4063","8.4912","8.3665","","0.79%"
"08/03/2021","8.4085","8.3520","8.4488","8.2763","","0.09%"
"08/02/2021","8.4013","8.3516","8.4445","8.2795","","0.58%"
"08/02/2021","8.3529","8.4609","8.4858","8.3170","","0.02%"
"08/01/2021","8.3513","8.4490","8.4761","8.3285","","-1.21%"
"07/30/2021","8.4540","8.4735","8.5060","8.3927","","0.25%"
"07/29/2021","8.4333","8.4555","8.4889","8.3785","","-0.23%"
"07/29/2021","8.4525","8.5635","8.5748","8.4345","","-0.04%"
"07/28/2021","8.4555","8.5498","8.5598","8.4245","","-1.17%"
"07/28/2021","8.5552","8.5540","8.5829","8.5259","","0.02%"
"07/27/2021","8.5536","8.5562","8.5792","8.5265","","-0.14%"
"07/27/2021","8.5654","8.5576","8.5886","8.5327","","0.04%"
"07/26/2021","8.5619","8.5526","8.5824","8.5370","","0.04%"
"07/26/2021","8.5589","8.5584","8.6304","8.5215","","0.07%"
"07/25/2021","8.5526","8.5471","8.6262","8.5295","","-0.03%"
"07/23/2021","8.5554","8.5655","8.5742","8.5063","","0.10%"
"07/22/2021","8.5471","8.5612","8.5681","8.5105","","-0.17%"
"07/22/2021","8.5620","8.5249","8.5839","8.5149","","0.01%"
"07/21/2021","8.5615","8.5663","8.5755","8.5215","","-0.02%"
"07/21/2021","8.5635","8.5692","8.6100","8.5174","","-0.10%"
"07/20/2021","8.5720","8.5572","8.6043","8.5360","","0.00%"
"07/20/2021","8.5720","8.5883","8.6135","8.5056","","0.17%"
"07/19/2021","8.5574","8.5877","8.5985","8.5315","","-0.28%"
"07/19/2021","8.5816","8.5320","8.6197","8.4819","","0.05%"
"07/18/2021","8.5772","8.4783","8.6102","8.4783","","0.63%"
"07/16/2021","8.5237","8.5708","8.5887","8.4733","","0.11%"
"07/15/2021","8.5144","8.5641","8.5820","8.4695","","-0.65%"
"07/15/2021","8.5705","8.5924","8.5999","8.5379","","0.05%"
"07/14/2021","8.5664","8.5903","8.5910","8.5325","","-0.30%"
"07/14/2021","8.5919","8.6249","8.6540","8.5680","","0.17%"
"07/13/2021","8.5774","8.6111","8.6468","8.5650","","-0.56%"
"07/13/2021","8.6255","8.6433","8.6627","8.5682","","0.21%"
"07/12/2021","8.6078","8.6344","8.6430","8.5705","","-0.38%"
"07/12/2021","8.6409","8.6676","8.6791","8.6135","","0.05%"
"07/11/2021","8.6363","8.6434","8.6726","8.6085","","-0.28%"
"07/09/2021","8.6607","8.6903","8.7188","8.6236","","0.17%"
"07/08/2021","8.6461","8.6898","8.7050","8.6310","","-0.57%"
"07/08/2021","8.6955","8.6890","8.7356","8.6608","","0.08%"
"07/07/2021","8.6887","8.6806","8.7309","8.6585","","-0.02%"
"07/07/2021","8.6903","8.6943","8.7172","8.6371","","0.10%"
"07/06/2021","8.6812","8.6836","8.7105","8.6385","","-0.12%"
"07/06/2021","8.6919","8.6694","8.7074","8.6185","","0.11%"
"07/05/2021","8.6820","8.6600","8.7026","8.6185","","0.11%"
"07/05/2021","8.6723","8.6869","8.7197","8.6457","","0.12%"
"07/04/2021","8.6616","8.6792","8.7124","8.6380","","-0.33%"
"07/02/2021","8.6899","8.6609","8.7331","8.6427","","0.12%"
"07/01/2021","8.6792","8.6450","8.7219","8.6450","","0.18%"
"07/01/2021","8.6635","8.7115","8.7337","8.6362","","0.20%"
"06/30/2021","8.6461","8.6978","8.7231","8.6280","","-0.72%"
"06/30/2021","8.7087","8.7335","8.7476","8.6290","","0.11%"
"06/29/2021","8.6991","8.7235","8.7429","8.6325","","-0.45%"
"06/29/2021","8.7383","8.6759","8.7540","8.6464","","0.08%"
"06/28/2021","8.7310","8.6815","8.7461","8.6635","","0.47%"
"06/28/2021","8.6898","8.7687","8.7726","8.6697","","0.06%"
"06/27/2021","8.6843","8.7493","8.7682","8.6645","","-0.93%"
"06/25/2021","8.7659","8.6901","8.8158","8.6546","","0.19%"
"06/24/2021","8.7493","8.7026","8.7992","8.6485","","0.47%"
"06/24/2021","8.7088","8.6399","8.7218","8.6204","","0.18%"
"06/23/2021","8.6930","8.6248","8.7133","8.6135","","0.58%"
"06/23/2021","8.6425","8.6533","8.6850","8.5832","","0.18%"
"06/22/2021","8.6268","8.6375","8.6747","8.5875","","-0.30%"
"06/22/2021","8.6531","8.7723","8.8032","8.6317","","0.14%"
"06/21/2021","8.6412","8.7712","8.7943","8.6245","","-1.47%"
"06/21/2021","8.7699","8.7393","8.8001","8.7066","","-0.07%"
"06/20/2021","8.7759","8.7257","8.7937","8.7015","","0.39%"
"06/18/2021","8.7418","8.7244","8.7661","8.6432","","0.18%"
"06/17/2021","8.7257","8.7095","8.7486","8.6340","","0.07%"
"06/17/2021","8.7199","8.6054","8.7358","8.5877","","0.06%"
"06/16/2021","8.7143","8.6012","8.7282","8.5805","","1.25%"
"06/16/2021","8.6071","8.5522","8.6331","8.4800","","0.05%"
"06/15/2021","8.6029","8.5418","8.6297","8.4765","","0.53%"
"06/15/2021","8.5573","8.4739","8.5984","8.4328","","0.01%"
"06/14/2021","8.5566","8.4541","8.5899","8.4285","","1.04%"
"06/14/2021","8.4689","8.3906","8.4909","8.2903","","0.20%"
"06/13/2021","8.4520","8.4203","8.4782","8.3058","","0.78%"
"06/11/2021","8.3868","8.4217","8.4492","8.2550","","0.06%"
"06/10/2021","8.3818","8.4240","8.4463","8.2645","","-0.54%"
"06/10/2021","8.4269","8.5822","8.5995","8.4050","","0.04%"
"06/09/2021","8.4238","8.5805","8.5973","8.4015","","-1.91%"
"06/09/2021","8.5882","8.6096","8.6278","8.5586","","0.09%"
"06/08/2021","8.5806","8.6017","8.6210","8.5505","","-0.28%"
"06/08/2021","8.6050","8.6150","8.6385","8.5632","","0.03%"
"06/07/2021","8.6027","8.6167","8.6335","8.5675","","0.15%"
"06/07/2021","8.5895","8.6702","8.7023","8.5865","","-0.28%"
"06/06/2021","8.6139","8.6563","8.6892","8.5860","","-0.63%"
"06/04/2021","8.6681","8.7024","8.7600","8.6248","","0.14%"
"06/03/2021","8.6563","8.6873","8.7522","8.6155","","-0.53%"
"06/03/2021","8.7024","8.5946","8.7294","8.5749","","0.17%"
"06/02/2021","8.6875","8.5805","8.7189","8.5650","","1.10%"
"06/02/2021","8.5926","8.5419","8.7875","8.5236","","0.14%"
"06/01/2021","8.5810","8.6740","8.6759","8.5525","","0.52%"
"06/01/2021","8.5369","8.4884","8.5451","8.4598","","-1.52%"
"05/31/2021","8.6685","8.4794","8.7790","8.4585","","2.11%"
"05/31/2021","8.4896","8.5585","8.5939","8.4548","","0.12%"
"05/30/2021","8.4793","8.5605","8.5917","8.4485","","-0.91%"
"05/28/2021","8.5576","8.5093","8.6237","8.4462","","0.11%"
"05/27/2021","8.5484","8.4843","8.6145","8.4736","","0.55%"
"05/27/2021","8.5017","8.4562","8.5471","8.4115","","0.20%"
"05/26/2021","8.4844","8.4511","8.5421","8.4085","","0.33%"
"05/26/2021","8.4563","8.4545","8.4781","8.4011","","0.06%"
"05/25/2021","8.4512","8.4512","8.4687","8.3965","","-0.10%"
"05/25/2021","8.4593","8.3879","8.4938","8.3642","","0.21%"
"05/24/2021","8.4412","8.3806","8.4858","8.3565","","0.63%"
"05/24/2021","8.3882","8.4162","8.4419","8.3586","","0.00%"
"05/23/2021","8.3878","8.4136","8.4326","8.3575","","-0.36%"
"05/21/2021","8.4177","8.3812","8.4273","8.3291","","0.13%"
"05/20/2021","8.4066","8.3663","8.4176","8.3410","","0.32%"
"05/20/2021","8.3800","8.4132","8.4267","8.3245","","0.16%"
"05/19/2021","8.3669","8.4115","8.4151","8.3345","","-0.56%"
"05/19/2021","8.4137","8.3544","8.4449","8.3414","","0.04%"
"05/18/2021","8.4106","8.3392","8.4345","8.3392","","0.65%"
"05/18/2021","8.3559","8.3211","8.3812","8.2933","","0.20%"
"05/17/2021","8.3393","8.3068","8.3706","8.2905","","0.31%"
"05/17/2021","8.3135","8.4678","8.4691","8.2889","","0.09%"
"05/16/2021","8.3064","8.4630","8.4643","8.2902","","-1.73%"
"05/14/2021","8.4527","8.5090","8.5174","8.3794","","0.10%"
"05/13/2021","8.4441","8.4948","8.5067","8.3937","","-0.69%"
"05/13/2021","8.5025","8.4235","8.5169","8.3991","","0.03%"
"05/12/2021","8.5000","8.4297","8.5119","8.4113","","0.82%"
"05/12/2021","8.4311","8.2960","8.4619","8.2736","","0.14%"
"05/11/2021","8.4194","8.2845","8.4493","8.2810","","1.58%"
"05/11/2021","8.2883","8.2809","8.3291","8.2577","","0.01%"
"05/10/2021","8.2875","8.2591","8.3229","8.2563","","0.11%"
"05/10/2021","8.2783","8.2497","8.2926","8.2128","","0.27%"
"05/09/2021","8.2562","8.2400","8.2821","8.2115","","0.21%"
"05/07/2021","8.2386","8.2824","8.3068","8.2030","","0.00%"
"05/06/2021","8.2388","8.2745","8.3028","8.2035","","-0.53%"
"05/06/2021","8.2828","8.3243","8.3666","8.2680","","0.20%"
"05/05/2021","8.2664","8.3118","8.3471","8.2372","","-0.61%"
"05/05/2021","8.3175","8.3254","8.3787","8.2910","","-0.01%"
"05/04/2021","8.3186","8.3038","8.3737","8.2971","","-0.12%"
"05/04/2021","8.3288","8.2400","8.3541","8.2400","","0.29%"
"05/03/2021","8.3047","8.2422","8.3466","8.2383","","0.64%"
"05/03/2021","8.2515","8.2805","8.3384","8.2294","","0.10%"
"05/02/2021","8.2435","8.2735","8.3325","8.2267","","-0.54%"
"04/30/2021","8.2884","8.2248","8.3353","8.1834","","0.18%"
"04/29/2021","8.2735","8.1941","8.3205","8.1790","","0.63%"
"04/29/2021","8.2216","8.1949","8.2910","8.1211","","0.34%"
"04/28/2021","8.1935","8.1891","8.2506","8.1411","","-0.07%"
"04/28/2021","8.1995","8.2029","8.2507","8.1410","","0.20%"
"04/27/2021","8.1833","8.2021","8.2435","8.1435","","-0.41%"
"04/27/2021","8.2169","8.2895","8.3187","8.1752","","0.18%"
"04/26/2021","8.2023","8.2780","8.2997","8.1605","","-0.98%"
"04/26/2021","8.2837","8.3997","8.4957","8.2663","","0.10%"
"04/25/2021","8.2751","8.3762","8.4849","8.2575","","-1.24%"
"04/23/2021","8.3786","8.3216","8.4222","8.2749","","0.03%"
"04/22/2021","8.3758","8.3065","8.4077","8.2937","","0.62%"
"04/22/2021","8.3243","8.1941","8.3863","8.1824","","0.17%"
"04/21/2021","8.3101","8.1871","8.3678","8.1695","","1.47%"
"04/21/2021","8.1896","8.1225","8.2166","8.1070","","0.06%"
"04/20/2021","8.1847","8.1034","8.2061","8.0965","","0.84%"
"04/20/2021","8.1163","8.0987","8.1432","8.0710","","0.12%"
"04/19/2021","8.1062","8.0828","8.1321","8.0615","","0.13%"
"04/19/2021","8.0960","8.0776","8.1196","8.0247","","0.19%"
"04/18/2021","8.0810","8.0567","8.1103","8.0165","","0.11%"
"04/16/2021","8.0720","8.0197","8.1251","8.0151","","0.19%"
"04/15/2021","8.0567","8.0097","8.1103","8.0052","","0.45%"
"04/15/2021","8.0204","8.0890","8.1707","8.0011","","0.11%"
"04/14/2021","8.0115","8.0639","8.1573","7.9920","","-0.83%"
"04/14/2021","8.0788","8.1148","8.1397","8.0216","","0.21%"
"04/13/2021","8.0618","8.1012","8.1292","8.0125","","-0.71%"
"04/13/2021","8.1196","8.1486","8.1825","8.0955","","0.24%"
"04/12/2021","8.0999","8.1398","8.1760","8.0947","","-0.71%"
"04/12/2021","8.1576","8.1760","8.2416","8.1115","","0.06%"
"04/11/2021","8.1529","8.1534","8.2277","8.0975","","-0.18%"
"04/09/2021","8.1674","8.1417","8.2076","8.1215","","0.17%"
"04/08/2021","8.1534","8.1257","8.1941","8.1202","","0.15%"
"04/08/2021","8.1414","8.1587","8.1933","8.1260","","0.20%"
"04/07/2021","8.1253","8.1458","8.1767","8.1165","","-0.40%"
"04/07/2021","8.1582","8.1639","8.2402","8.1471","","0.11%"
"04/06/2021","8.1494","8.1261","8.2111","8.1215","","0.09%"
"04/06/2021","8.1421","8.1134","8.1899","8.0894","","0.11%"
"04/05/2021","8.1335","8.1078","8.1745","8.0755","","0.28%"
"04/05/2021","8.1108","8.1772","8.2637","8.0867","","0.10%"
"04/04/2021","8.1024","8.1619","8.2510","8.0810","","-0.79%"
"04/02/2021","8.1669","8.1227","8.1895","7.9715","","0.06%"
"04/01/2021","8.1619","8.1064","8.1900","7.9695","","0.49%"
"04/01/2021","8.1221","8.2537","8.3058","8.1047","","0.25%"
"03/31/2021","8.1017","8.2459","8.2873","8.0877","","-1.79%"
"03/31/2021","8.2489","8.3261","8.3987","8.2091","","0.18%"
"03/30/2021","8.2343","8.3368","8.3943","8.2056","","-1.22%"
"03/30/2021","8.3362","8.2085","8.4595","8.1920","","0.10%"
"03/29/2021","8.3275","8.2358","8.4527","8.2041","","1.44%"
"03/29/2021","8.2091","8.1237","8.2320","8.0088","","-0.48%"
"03/28/2021","8.2490","8.1350","8.2825","7.9923","","1.34%"
"03/26/2021","8.1400","7.9429","8.1400","7.9005","","0.90%"
"03/25/2021","8.0672","7.9303","8.1328","7.9085","","1.46%"
"03/25/2021","7.9512","7.9281","8.0043","7.8736","","0.26%"
"03/24/2021","7.9303","7.8801","7.9949","7.8652","","-0.05%"
"03/24/2021","7.9346","7.9509","8.0577","7.8159","","0.26%"
"03/23/2021","7.9143","7.9416","8.0424","7.8293","","-0.38%"
"03/23/2021","7.9442","7.8056","7.9661","7.6700","","0.08%"
"03/22/2021","7.9380","7.7635","7.9621","7.6884","","1.75%"
"03/22/2021","7.8013","7.2215","8.1795","7.2205","","0.48%"
"03/21/2021","7.7639","7.2165","8.4770","7.2165","","7.55%"
"03/19/2021","7.2190","7.3250","7.3678","7.1917","","0.07%"
"03/18/2021","7.2140","7.3221","7.3620","7.1882","","-1.53%"
"03/18/2021","7.3260","7.5074","7.5698","7.2905","","0.05%"
"03/17/2021","7.3223","7.4892","7.5626","7.2829","","-2.42%"
"03/17/2021","7.5037","7.4920","7.6363","7.4735","","0.11%"
"03/16/2021","7.4953","7.4925","7.6406","7.4730","","-0.01%"
"03/16/2021","7.4957","7.5378","7.5504","7.4660","","0.04%"
"03/15/2021","7.4926","7.5317","7.5473","7.4630","","-0.58%"
"03/15/2021","7.5366","7.5635","7.6208","7.4930","","0.08%"
"03/14/2021","7.5303","7.5535","7.6168","7.4895","","-0.44%"
"03/12/2021","7.5636","7.4703","7.6202","7.4636","","0.13%"
"03/11/2021","7.5535","7.4696","7.6152","7.4598","","1.00%"
"03/11/2021","7.4783","7.5131","7.5677","7.4381","","0.20%"
"03/10/2021","7.4632","7.5093","7.5522","7.4225","","-0.52%"
"03/10/2021","7.5024","7.6170","7.6698","7.4911","","0.08%"
"03/09/2021","7.4962","7.5956","7.6681","7.4833","","-1.58%"
"03/09/2021","7.6166","7.7465","7.7859","7.5850","","0.10%"
"03/08/2021","7.6092","7.7336","7.7826","7.5815","","-2.09%"
"03/08/2021","7.7718","7.5350","7.7791","7.5030","","0.49%"
"03/07/2021","7.7336","7.5348","7.7810","7.4975","","2.58%"
"03/05/2021","7.5388","7.5069","7.5822","7.4620","","0.05%"
"03/04/2021","7.5348","7.5029","7.5803","7.4635","","0.41%"
"03/04/2021","7.5039","7.4618","7.5789","7.4010","","0.37%"
"03/03/2021","7.4764","7.4453","7.5816","7.3987","","0.20%"
"03/03/2021","7.4615","7.3552","7.5014","7.2895","","0.22%"
"03/02/2021","7.4453","7.3352","7.4964","7.2873","","1.27%"
"03/02/2021","7.3522","7.2838","7.4236","7.2722","","0.07%"
"03/01/2021","7.3472","7.2717","7.4204","7.2687","","0.77%"
"03/01/2021","7.2909","7.4359","7.4386","7.2258","","0.13%"
"02/28/2021","7.2813","7.4226","7.4549","7.2133","","-1.94%"
"02/26/2021","7.4253","7.3395","7.4866","7.2927","","0.04%"
"02/25/2021","7.4221","7.3292","7.4845","7.2945","","1.13%"
"02/25/2021","7.3395","7.1699","7.4395","7.1545","","0.14%"
"02/24/2021","7.3292","7.1607","7.4347","7.1510","","2.24%"
"02/24/2021","7.1684","7.1054","7.2511","7.0715","","0.05%"
"02/23/2021","7.1651","7.1063","7.2487","7.0694","","0.82%"
"02/23/2021","7.1070","7.0231","7.1193","7.0030","","0.02%"
"02/22/2021","7.1054","7.0103","7.1143","7.0015","","1.22%"
"02/22/2021","7.0194","6.9665","7.0900","6.9597","","0.03%"
"02/21/2021","7.0171","6.9532","7.0874","6.9489","","0.77%"
"02/19/2021","6.9637","6.9719","7.0037","6.9470","","0.15%"
"02/18/2021","6.9532","6.9707","6.9994","6.9435","","-0.21%"
"02/18/2021","6.9678","6.9758","7.0177","6.9260","","-0.05%"
"02/17/2021","6.9711","6.9664","7.0093","6.9195","","-0.04%"
"02/17/2021","6.9737","6.9941","7.0614","6.9570","","0.02%"
"02/16/2021","6.9725","6.9698","7.0585","6.9535","","-0.27%"
"02/16/2021","6.9913","6.9616","7.0216","6.8860","","0.10%"
"02/15/2021","6.9841","6.9603","7.0176","6.8825","","0.30%"
"02/15/2021","6.9634","7.0366","7.0377","6.9450","","0.09%"
"02/14/2021","6.9573","7.0320","7.0452","6.9415","","-1.13%"
"02/12/2021","7.0369","7.0224","7.0507","7.0025","","0.07%"
"02/11/2021","7.0319","7.0238","7.0475","6.9990","","0.09%"
"02/11/2021","7.0255","7.0619","7.0678","7.0010","","0.03%"
"02/10/2021","7.0235","7.0528","7.0652","7.0005","","-0.54%"
"02/10/2021","7.0618","7.0695","7.0945","7.0341","","0.08%"
"02/09/2021","7.0560","7.0588","7.0860","7.0325","","-0.13%"
"02/09/2021","7.0649","7.0761","7.1441","7.0648","","0.06%"
"02/08/2021","7.0608","7.0730","7.1418","7.0606","","-0.15%"
"02/08/2021","7.0713","7.0593","7.1254","7.0212","","0.09%"
"02/07/2021","7.0648","7.0443","7.1219","7.0185","","0.16%"
"02/05/2021","7.0538","7.1392","7.1499","7.0305","","0.07%"
"02/04/2021","7.0488","7.1343","7.1481","7.0281","","-1.24%"
"02/04/2021","7.1373","7.1615","7.1783","7.0940","","0.02%"
"02/03/2021","7.1357","7.1478","7.1761","7.0981","","-0.37%"
"02/03/2021","7.1620","7.1977","7.2060","7.1170","","0.13%"
"02/02/2021","7.1526","7.1850","7.2023","7.1135","","-0.61%"
"02/02/2021","7.1967","7.1920","7.2057","7.0830","","0.14%"
"02/01/2021","7.1865","7.1869","7.2044","7.0795","","-0.11%"
"02/01/2021","7.1946","7.3164","7.3166","7.1586","","0.10%"
"01/31/2021","7.1876","7.3102","7.3146","7.1538","","-1.74%"
"01/29/2021","7.3149","7.3430","7.3890","7.2670","","0.06%"
"01/28/2021","7.3102","7.3417","7.3856","7.2635","","-0.41%"
"01/28/2021","7.3406","7.3987","7.4385","7.3306","","-0.10%"
"01/27/2021","7.3481","7.3911","7.4323","7.3247","","-0.66%"
"01/27/2021","7.3968","7.3474","7.4172","7.3320","","0.07%"
"01/26/2021","7.3918","7.3513","7.4131","7.3325","","0.60%"
"01/26/2021","7.3479","7.4065","7.4371","7.3280","","0.10%"
"01/25/2021","7.3402","7.4015","7.4335","7.3265","","-0.93%"
"01/25/2021","7.4090","7.4147","7.4306","7.3640","","0.15%"
"01/24/2021","7.3977","7.4072","7.4255","7.3605","","-0.23%"
"01/22/2021","7.4146","7.3674","7.4449","7.3610","","0.10%"
"01/21/2021","7.4072","7.3634","7.4420","7.3605","","0.53%"
"01/21/2021","7.3685","7.4230","7.4267","7.3439","","0.02%"
"01/20/2021","7.3669","7.4139","7.4227","7.3405","","-0.74%"
"01/20/2021","7.4219","7.4760","7.4862","7.3845","","0.11%"
"01/19/2021","7.4139","7.4783","7.4812","7.3810","","-0.81%"
"01/19/2021","7.4741","7.4828","7.4907","7.4110","","0.04%"
"01/18/2021","7.4711","7.4768","7.4862","7.4080","","-0.14%"
"01/18/2021","7.4818","7.4729","7.5452","7.4495","","-0.03%"
"01/17/2021","7.4837","7.4733","7.5416","7.4447","","0.11%"
"01/15/2021","7.4753","7.3460","7.5107","7.3390","","0.38%"
"01/14/2021","7.4468","7.3632","7.5090","7.3455","","1.02%"
"01/14/2021","7.3719","7.4014","7.4561","7.3452","","0.03%"
"01/13/2021","7.3699","7.3993","7.4554","7.3470","","-0.49%"
"01/13/2021","7.4064","7.4611","7.4861","7.3953","","0.05%"
"01/12/2021","7.4028","7.4446","7.4731","7.3837","","-0.68%"
"01/12/2021","7.4532","7.4791","7.5205","7.4172","","0.13%"
"01/11/2021","7.4433","7.4763","7.5189","7.4145","","-0.47%"
"01/11/2021","7.4781","7.3536","7.5249","7.3536","","0.06%"
"01/10/2021","7.4733","7.3626","7.5217","7.3289","","1.32%"
"01/08/2021","7.3762","7.3200","7.4154","7.2999","","0.18%"
"01/07/2021","7.3626","7.3151","7.4128","7.2965","","0.58%"
"01/07/2021","7.3198","7.3086","7.3952","7.2364","","0.04%"
"01/06/2021","7.3169","7.2940","7.3917","7.2330","","0.14%"
"01/06/2021","7.3067","7.3826","7.3929","7.2652","","0.07%"
"01/05/2021","7.3019","7.3816","7.3909","7.2654","","-1.20%"
"01/05/2021","7.3906","7.4293","7.4361","7.3570","","0.08%"
"01/04/2021","7.3844","7.4273","7.4314","7.3535","","-0.54%"
"01/04/2021","7.4248","7.4403","7.4470","7.3400","","0.09%"
"01/03/2021","7.4184","7.4257","7.4420","7.3365","","-0.28%"
"01/01/2021","7.4392","7.4392","7.4392","7.4392","","0.18%"